	index	chrom	start	end	ID	region	transAmount	size	mid	h3k27me3	sororin	h3k27me3_class	sororin_class	pos
531	1094	chr2	70525000	71225000	1099	chr2:0-93650000	-9.958784	700000	70875000	0.018926	0.004939	High	High	71025000
532	1095	chr2	70525000	70875000	1100	chr2:0-93650000	-10.558311	350000	70700000	-0.005769	0.003012	Average	High	71025000
533	1096	chr2	70875000	71225000	1101	chr2:0-93650000	-9.178167	350000	71050000	0.044292	0.006604	High	High	71375000
548	1130	chr2	86975000	87375000	1135	chr2:0-93650000	-9.836190	400000	87175000	-0.003896	0.007148	Average	High	87475000
549	1131	chr2	88325000	89025000	1136	chr2:0-93650000	-9.883660	700000	88675000	0.030620	0.006243	High	High	88825000
553	1140	chr2	99225000	99725000	1145	chr2:93650000-243199373	-10.410721	500000	99475000	0.017162	0.004993	High	High	99725000
555	1144	chr2	100875000	101225000	1149	chr2:93650000-243199373	-9.701051	350000	101050000	0.027963	0.007590	High	High	101375000